{
	"pages": [{
            "path" : "pages/home/home",
            "style" :                                                                                    
            {
                "navigationBarTitleText": "首页",
                "enablePullDownRefresh": false
            }
            
        }
        ,{
            "path" : "pages/cate/cate",
            "style" :                                                                                    
            {
                "navigationBarTitleText": "分类",
                "enablePullDownRefresh": false
            }
            
        }
        ,{
            "path" : "pages/cart/cart",
            "style" :                                                                                    
            {
                "navigationBarTitleText": "购物车",
                "enablePullDownRefresh": false
            }
            
        }
        ,{
            "path" : "pages/my/my",
            "style" :                                                                                    
            {
                "navigationBarTitleText": "我的",
                "enablePullDownRefresh": false
            }
            
        }
        ,{
            "path" : "pages/goods_detail/goods_detail",
            "style" :                                                                                    
            {
                "navigationBarTitleText": "商品详情",
                "enablePullDownRefresh": false
            }
            
        }
        
        ,{
            "path" : "subpkg/goods_detail/goods_detail",
            "style" :                                                                                    
            {
                "navigationBarTitleText": "商品详情",
                "enablePullDownRefresh": false
            }
            
        }
        ,{
            "path" : "subpkg/goods_list/goods_list",
            "style" :                                                                                    
            {
                "navigationBarTitleText": "",
                "enablePullDownRefresh": true,
				"onReachBottomDistance": 150,
				"backgroundColor": "#F8F8F8"
            }
            
        }
        ,{
            "path" : "subpkg/search/search",
            "style" :                                                                                    
            {
                "navigationBarTitleText": "",
                "enablePullDownRefresh": false
            }
            
        }
        
        ,{
            "path" : "subpkg/shop_detail/shop_detail",
            "style" :                                                                                    
            {
                "navigationBarTitleText": "",
                "enablePullDownRefresh": false
            }
            
        }
    ],
	"globalStyle": {
		"navigationBarTextStyle": "black",
		"navigationBarTitleText": "uni-app",
		"navigationBarBackgroundColor": "#F8F8F8",
		"backgroundColor": "#F8F8F8",
		"app-plus": {
			"background": "#efeff4"
		}
	},
	"tabBar": {
	    "selectedColor": "#ff0000",
	    "list": [
	      {
	        "pagePath": "pages/home/home",
	        "text": "首页",
	        "iconPath": "static/tab_icons/home.png",
	        "selectedIconPath": "static/tab_icons/home-active.png"
	      },
	      {
	        "pagePath": "pages/cate/cate",
	        "text": "分类",
	        "iconPath": "static/tab_icons/cate.png",
	        "selectedIconPath": "static/tab_icons/cate-active.png"
	      },
	      {
	        "pagePath": "pages/cart/cart",
	        "text": "购物车",
	        "iconPath": "static/tab_icons/cart.png",
	        "selectedIconPath": "static/tab_icons/cart-active.png"
	      },
	      {
	        "pagePath": "pages/my/my",
	        "text": "我的",
	        "iconPath": "static/tab_icons/my.png",
	        "selectedIconPath": "static/tab_icons/my-active.png"
	      }
	    ]
	  }
}
